name,datetime,tempmax,tempmin,temp,feelslikemax,feelslikemin,feelslike,dew,humidity,precip,precipprob,precipcover,preciptype,snow,snowdepth,windgust,windspeed,winddir,sealevelpressure,cloudcover,visibility,solarradiation,solarenergy,uvindex,severerisk,sunrise,sunset,moonphase,conditions,description,icon,stations
"21.4434844005937, 87.02348429564694",2025-01-01,24.1,15.4,19.2,24.1,15.4,19.2,13.6,70.9,0,0,0,,0,0,34.2,20.9,4.5,1016,17.6,17.1,196.6,17,7,10,2025-01-01T06:19:58,2025-01-01T17:11:10,0.05,Clear,Clear conditions throughout the day.,clear-day,"42895099999,remote,42901099999,42894099999,42973099999"
"21.4434844005937, 87.02348429564694",2025-01-02,24,14.1,18.4,24,14.1,18.4,12.5,70,0,0,0,,0,0,31.7,20.5,10.7,1015.9,7.7,17.2,198.8,17.3,7,10,2025-01-02T06:20:17,2025-01-02T17:11:48,0.08,Clear,Clear conditions throughout the day.,clear-day,"42895099999,remote,42901099999,42894099999,42973099999"
"21.4434844005937, 87.02348429564694",2025-01-03,24,14,18.2,24,14,18.2,12.3,69.3,0,0,0,,0,0,30.2,18.7,12.4,1016,28.3,17.1,197,17,7,10,2025-01-03T06:20:34,2025-01-03T17:12:26,0.12,Partially cloudy,Partly cloudy throughout the day.,partly-cloudy-day,"42895099999,remote,42901099999,42894099999,42973099999"
"21.4434844005937, 87.02348429564694",2025-01-04,25.1,14.3,18.9,25.1,14.3,18.9,14.5,76.3,0,0,0,,0,0,25.6,14.4,3.7,1014.6,27,16.7,185.7,16,7,10,2025-01-04T06:20:50,2025-01-04T17:13:05,0.15,Partially cloudy,Partly cloudy throughout the day.,partly-cloudy-day,"42895099999,remote,42901099999,42894099999,42973099999"
"21.4434844005937, 87.02348429564694",2025-01-05,25.6,15.8,19.7,25.6,15.8,19.7,16,79.7,0,0,0,,0,0,24.8,15.5,12.5,1014.8,37.3,16.7,169.6,14.8,7,10,2025-01-05T06:21:05,2025-01-05T17:13:45,0.19,Partially cloudy,Partly cloudy throughout the day.,partly-cloudy-day,"42895099999,remote,42901099999,42894099999,42973099999"
"21.4434844005937, 87.02348429564694",2025-01-06,25.8,16,19.9,25.8,16,19.9,16.7,82.8,0,0,0,,0,0,18,11.2,229.3,1013.9,23.3,16.8,182.9,15.8,7,10,2025-01-06T06:21:19,2025-01-06T17:14:24,0.23,Partially cloudy,Partly cloudy throughout the day.,partly-cloudy-day,"42895099999,remote,42901099999,42894099999,42973099999"
"21.4434844005937, 87.02348429564694",2025-01-07,27.1,16.4,21,27.7,16.4,21,17.9,83.6,0,0,0,,0,0,18.7,11.9,209.5,1013.1,14,1101.2,191.8,16.7,7,10,2025-01-07T06:21:31,2025-01-07T17:15:04,0.25,Clear,Clear conditions throughout the day.,clear-day,"42895099999,remote,42901099999,42894099999,42973099999"
"21.4434844005937, 87.02348429564694",2025-01-08,25.1,16.4,20,25.1,16.4,20,14.8,72.7,0,0,0,,0,0,34.9,22.3,17,1014.5,11.4,17.8,194.7,16.8,7,10,2025-01-08T06:21:42,2025-01-08T17:15:44,0.3,Clear,Clear conditions throughout the day.,clear-day,"42895099999,remote,42901099999,42894099999,42973099999"
"21.4434844005937, 87.02348429564694",2025-01-09,24.1,14.4,18.6,24.1,14.4,18.6,14.2,76.3,0,0,0,,0,0,29.2,18.7,21.6,1017.2,1,16.8,200,17.3,7,10,2025-01-09T06:21:52,2025-01-09T17:16:25,0.33,Clear,Clear conditions throughout the day.,clear-day,"42895099999,remote,42901099999,42894099999,42973099999"
"21.4434844005937, 87.02348429564694",2025-01-10,24,14.4,18.5,24,14.4,18.5,14,76.6,0,0,0,,0,0,28.1,17.6,9.4,1018.8,5.6,17.7,201.9,17.5,7,10,2025-01-10T06:22:00,2025-01-10T17:17:06,0.37,Clear,Clear conditions throughout the day.,clear-day,"42895099999,remote,42901099999,42894099999,42973099999"
"21.4434844005937, 87.02348429564694",2025-01-11,25.1,14,18.8,25.1,14,18.8,14.1,75.7,0,0,0,,0,0,26.6,16.2,12.5,1018.3,44,16.9,204.4,17.6,8,10,2025-01-11T06:22:07,2025-01-11T17:17:47,0.4,Partially cloudy,Partly cloudy throughout the day.,partly-cloudy-day,"42895099999,remote,42901099999,42894099999,42973099999"
"21.4434844005937, 87.02348429564694",2025-01-12,25.1,13.7,19,25.1,13.7,19,14.8,78.4,0,0,0,,0,0,18.7,10.8,17.5,1017.2,49.2,16.9,202.6,17.5,7,10,2025-01-12T06:22:13,2025-01-12T17:18:28,0.44,Partially cloudy,Partly cloudy throughout the day.,partly-cloudy-day,"42895099999,remote,42901099999,42894099999,42973099999"
"21.4434844005937, 87.02348429564694",2025-01-13,26,15.3,20,26,15.3,20,16.3,80.6,0,0,0,,0,0,17.3,11.5,204.8,1015.3,11.7,16.9,198.7,17.2,7,10,2025-01-13T06:22:18,2025-01-13T17:19:09,0.48,Clear,Clear conditions throughout the day.,clear-day,"42895099999,remote,42901099999,42894099999,42973099999"
"21.4434844005937, 87.02348429564694",2025-01-14,25.6,17.7,20.5,25.6,17.7,20.5,17.1,81.4,0,0,0,,0,0,30.2,19.4,17.8,1017.4,30,16.7,187.6,16.4,7,10,2025-01-14T06:22:21,2025-01-14T17:19:50,0.5,Partially cloudy,Partly cloudy throughout the day.,partly-cloudy-day,"42895099999,remote,42901099999,42894099999,42973099999"
"21.4434844005937, 87.02348429564694",2025-01-15,26,17,20.5,26,17,20.5,16,76.9,0,0,0,,0,0,28.1,18,8.9,1018.3,47.7,16.8,190.8,16.4,7,10,2025-01-15T06:22:23,2025-01-15T17:20:31,0.54,Partially cloudy,Partly cloudy throughout the day.,partly-cloudy-day,"42895099999,remote,42901099999,42894099999,42973099999"
"21.4434844005937, 87.02348429564694",2025-01-16,26,15.3,19.6,26,15.3,19.6,13.3,68.8,0,0,0,,0,0,28.8,17.6,11.2,1017.8,3.2,16.8,209.6,18.2,8,10,2025-01-16T06:22:23,2025-01-16T17:21:12,0.57,Clear,Clear conditions throughout the day.,clear-day,"42895099999,remote,42901099999,42894099999,42973099999"
"21.4434844005937, 87.02348429564694",2025-01-17,26.2,14.8,19.6,26.2,14.8,19.6,14.1,71.6,0,0,0,,0,0,29.2,18.7,357.9,1016.5,2,17.1,207,18,8,10,2025-01-17T06:22:23,2025-01-17T17:21:54,0.61,Clear,Clear conditions throughout the day.,clear-day,"42895099999,remote,42901099999,42894099999,42973099999"
"21.4434844005937, 87.02348429564694",2025-01-18,27,15.8,19.9,26.9,15.8,19.9,14.5,72.4,0,0,0,,0,0,29.5,17.3,2.9,1016.1,1.2,17.1,205.6,17.8,8,10,2025-01-18T06:22:20,2025-01-18T17:22:35,0.64,Clear,Clear conditions throughout the day.,clear-day,"42895099999,remote,42901099999,42894099999,42973099999"
"21.4434844005937, 87.02348429564694",2025-01-19,27.3,15.8,20.2,27.4,15.8,20.2,15.5,75.8,0,0,0,,0,0,25.9,15.8,1.8,1014.9,0,17,210,18.2,8,10,2025-01-19T06:22:17,2025-01-19T17:23:16,0.67,Clear,Clear conditions throughout the day.,clear-day,"42895099999,remote,42901099999,42894099999,42973099999"
"21.4434844005937, 87.02348429564694",2025-01-20,27.3,15.3,20.1,27.3,15.3,20.1,14.6,72.8,0,0,0,,0,0,23.4,13.3,347.1,1013.1,2.6,17,215.3,18.6,8,10,2025-01-20T06:22:12,2025-01-20T17:23:57,0.7,Clear,Clear conditions throughout the day.,clear-day,"42895099999,remote,42901099999,42894099999,42973099999"
"21.4434844005937, 87.02348429564694",2025-01-21,27.7,15.8,20.8,27.6,15.8,20.8,15.9,75.3,0,0,0,,0,0,19.4,11.9,220.9,1012.3,1.2,17.1,211.9,18.2,8,10,2025-01-21T06:22:06,2025-01-21T17:24:38,0.74,Clear,Clear conditions throughout the day.,clear-day,"42895099999,remote,42901099999,42894099999,42973099999"
"21.4434844005937, 87.02348429564694",2025-01-22,29.9,17,21.5,29.8,17,21.6,17.3,78.6,0,0,0,,0,0,20.2,11.5,243.9,1012.8,2.3,17.2,211.8,18.3,8,10,2025-01-22T06:21:58,2025-01-22T17:25:18,0.75,Clear,Clear conditions throughout the day.,clear-day,"42895099999,remote,42901099999,42894099999,42973099999"
"21.4434844005937, 87.02348429564694",2025-01-23,26.7,19,21.9,26.7,19,21.9,19.6,87.2,0,0,0,,0,0,20.5,12.6,188.9,1013.2,9.7,16.8,209.6,18.1,8,10,2025-01-23T06:21:49,2025-01-23T17:25:59,0.8,Clear,Clear conditions throughout the day.,clear-day,"42895099999,remote,42901099999,42894099999,42973099999"
"21.4434844005937, 87.02348429564694",2025-01-24,26.4,19.9,21.9,26.4,19.9,21.9,20.2,90.4,0,0,0,,0,0,21.6,13.3,179.3,1012.7,39,17.1,174.6,15.2,7,10,2025-01-24T06:21:39,2025-01-24T17:26:39,0.83,Partially cloudy,Partly cloudy throughout the day.,partly-cloudy-day,"42895099999,remote,42901099999,42894099999,42973099999"
"21.4434844005937, 87.02348429564694",2025-01-25,25.9,20.8,22.4,25.9,20.8,22.4,20.8,91.1,0.2,100,8.33,rain,0,0,19.4,9.7,120.1,1013.4,43.9,16.7,153.5,13,6,10,2025-01-25T06:21:28,2025-01-25T17:27:19,0.86,"Rain, Partially cloudy",Partly cloudy throughout the day with afternoon rain.,rain,"42895099999,remote,42901099999,42894099999,42973099999"
"21.4434844005937, 87.02348429564694",2025-01-26,26.1,19.1,21.6,26.1,19.1,21.6,18.1,81.7,0,0,0,rain,0,0,27,16.6,31,1013.5,37.6,16.7,191.1,16.5,7,10,2025-01-26T06:21:15,2025-01-26T17:27:58,0.9,Partially cloudy,Partly cloudy throughout the day.,partly-cloudy-day,"42895099999,remote,42901099999,42894099999,42973099999"
"21.4434844005937, 87.02348429564694",2025-01-27,27,17.1,20.3,27.1,17.1,20.3,14.9,73.2,0,0,0,,0,0,26.6,16.6,16.9,1011.8,26.5,16.9,219.8,18.9,8,10,2025-01-27T06:21:01,2025-01-27T17:28:38,0.93,Partially cloudy,Partly cloudy throughout the day.,partly-cloudy-day,"42895099999,remote,42901099999,42894099999,42973099999"
"21.4434844005937, 87.02348429564694",2025-01-28,26.2,18,21.3,26.2,18,21.3,18,81.8,0,0,0,rain,0,0,22.7,14,142.9,1012.8,27.6,16.6,190.5,16.5,7,10,2025-01-28T06:20:45,2025-01-28T17:29:17,0.96,Partially cloudy,Partly cloudy throughout the day.,partly-cloudy-day,"42895099999,remote,42901099999,42894099999,42973099999"
"21.4434844005937, 87.02348429564694",2025-01-29,27.8,19.9,22.9,30.1,19.9,23,20.7,87.8,0,0,0,rain,0,0,28.4,17.6,161.3,1014.4,44,16.7,165.4,14.3,6,10,2025-01-29T06:20:28,2025-01-29T17:29:55,0,Partially cloudy,Partly cloudy throughout the day.,partly-cloudy-day,"42895099999,remote,42901099999,42894099999,42973099999"
"21.4434844005937, 87.02348429564694",2025-01-30,29.8,21.2,24.1,32.1,21.2,24.3,20.9,82.9,0,0,0,,0,0,34.2,22.7,202,1011.2,36.7,17.1,191.9,16.5,7,10,2025-01-30T06:20:10,2025-01-30T17:30:34,0.03,Partially cloudy,Clearing in the afternoon.,partly-cloudy-day,"42895099999,remote,42901099999,42894099999,42973099999"
"21.4434844005937, 87.02348429564694",2025-01-31,28.4,21.2,24.2,31.6,21.2,24.4,21.8,87.2,0.1,100,4.17,rain,0,0,29.2,19.1,197,1010.8,35.2,17,182.8,15.9,7,10,2025-01-31T06:19:51,2025-01-31T17:31:12,0.06,"Rain, Partially cloudy",Clearing in the afternoon with afternoon rain.,rain,"42895099999,remote,42901099999,42894099999,42973099999"
"21.4434844005937, 87.02348429564694",2025-02-01,28.1,22,24.1,31.4,22,24.3,22.4,90.2,0,0,0,,0,0,27,15.8,180.6,1011.8,40.7,17.6,172.5,15,6,10,2025-02-01T06:19:30,2025-02-01T17:31:49,0.1,Partially cloudy,Partly cloudy throughout the day.,partly-cloudy-day,"42895099999,remote,42901099999,42894099999,42973099999"
"21.4434844005937, 87.02348429564694",2025-02-02,29.8,22.9,24.6,34,22.9,24.9,22.6,89.1,0,0,0,,0,0,24.8,15.5,188,1011.7,33.7,16.8,197.1,17,7,10,2025-02-02T06:19:08,2025-02-02T17:32:26,0.13,Partially cloudy,Clearing in the afternoon.,partly-cloudy-day,"42895099999,remote,42901099999,42894099999,42973099999"
"21.4434844005937, 87.02348429564694",2025-02-03,29.3,22.2,24.4,31,22.2,24.5,22.3,89.1,0,0,0,,0,0,25.2,15.1,94.6,1012.6,40.1,16.7,186.7,16.2,7,10,2025-02-03T06:18:45,2025-02-03T17:33:03,0.17,Partially cloudy,Clearing in the afternoon.,partly-cloudy-day,"42895099999,remote,42901099999,42894099999,42973099999"
"21.4434844005937, 87.02348429564694",2025-02-04,28.1,20.3,23.4,30.3,20.3,23.6,21,87,0,0,0,,0,0,26.3,15.5,156.6,1012.9,38.2,16.8,207.6,17.8,8,10,2025-02-04T06:18:21,2025-02-04T17:33:39,0.2,Partially cloudy,Clearing in the afternoon.,partly-cloudy-day,"42895099999,remote,42901099999,42894099999,42973099999"
"21.4434844005937, 87.02348429564694",2025-02-05,30.3,22.1,25.2,34.7,22.1,26.1,22.8,87.1,0,0,0,,0,0,24.5,14,198.3,1010.9,43.4,16.7,201.7,17.5,8,10,2025-02-05T06:17:55,2025-02-05T17:34:15,0.25,Partially cloudy,Clearing in the afternoon.,partly-cloudy-day,"42895099999,remote,42901099999,42894099999,42973099999"
"21.4434844005937, 87.02348429564694",2025-02-06,30.6,23.1,25.4,31,23.1,25.7,20.8,77.6,0,0,0,,0,0,32,20.9,35.1,1011.8,15.2,17.1,213.4,18.3,8,10,2025-02-06T06:17:29,2025-02-06T17:34:51,0.28,Clear,Clear conditions throughout the day.,clear-day,"42895099999,remote,42901099999,42894099999,42973099999"
"21.4434844005937, 87.02348429564694",2025-02-07,29.4,20.2,23.8,28.4,20.2,23.7,14.2,59.1,0,0,0,,0,0,30.2,19.4,42.8,1014,3.7,17.4,231.7,20.1,8,10,2025-02-07T06:17:01,2025-02-07T17:35:26,0.31,Clear,Clear conditions throughout the day.,clear-day,"42895099999,remote,42901099999,42894099999,42973099999"
"21.4434844005937, 87.02348429564694",2025-02-08,28.1,18.1,22.4,27.4,18.1,22.3,14.3,62.8,0,0,0,,0,0,24.8,15.5,38.8,1014.2,3.5,17.3,234.4,20.3,8,10,2025-02-08T06:16:32,2025-02-08T17:36:00,0.35,Clear,Clear conditions throughout the day.,clear-day,"42895099999,remote,42901099999,42894099999,42973099999"
"21.4434844005937, 87.02348429564694",2025-02-09,28.1,17,22.1,28.5,17,22.1,16.1,70.5,0,0,0,,0,0,21.6,13,137.1,1013.6,2.7,17.2,235.2,20.3,8,10,2025-02-09T06:16:02,2025-02-09T17:36:34,0.38,Clear,Clear conditions throughout the day.,clear-day,"42895099999,remote,42901099999,42894099999,42973099999"
"21.4434844005937, 87.02348429564694",2025-02-10,28.9,20.4,23.7,30.1,20.4,23.8,20.5,83.4,0,0,0,,0,0,25.6,15.8,186,1013.5,9.3,17.7,228.9,19.7,8,10,2025-02-10T06:15:30,2025-02-10T17:37:08,0.42,Clear,Clear conditions throughout the day.,clear-day,"42895099999,remote,42901099999,42894099999,42973099999"
"21.4434844005937, 87.02348429564694",2025-02-11,31,21.9,24.8,33.6,21.9,25.3,21.6,83.4,0,0,0,,0,0,31,19.1,190.2,1012.4,14.5,18.8,222.6,19.3,8,10,2025-02-11T06:14:58,2025-02-11T17:37:41,0.45,Clear,Clear conditions throughout the day.,clear-day,"42895099999,remote,42901099999,42894099999,42973099999"
"21.4434844005937, 87.02348429564694",2025-02-12,31.2,21.2,25.3,33.5,21.2,25.9,22,83.3,0,0,0,,0,0,29.9,18,187.7,1011.7,23,18.2,210.1,18.2,8,10,2025-02-12T06:14:25,2025-02-12T17:38:13,0.5,Partially cloudy,Partly cloudy throughout the day.,partly-cloudy-day,"42895099999,remote,42901099999,42894099999,42973099999"
"21.4434844005937, 87.02348429564694",2025-02-13,32,21.2,25.1,34.4,21.2,25.8,22.1,85,0,0,0,,0,0,21.6,11.9,162.7,1011.3,26.8,17,213,18.3,8,10,2025-02-13T06:13:50,2025-02-13T17:38:45,0.52,Partially cloudy,Clearing in the afternoon.,partly-cloudy-day,"42895099999,remote,42901099999,42894099999,42973099999"
"21.4434844005937, 87.02348429564694",2025-02-14,29.4,20.4,24.1,28.4,20.4,23.9,15.2,61.1,0,0,0,,0,0,27.7,18,53.2,1012.1,2.6,17.3,244.1,21,9,10,2025-02-14T06:13:15,2025-02-14T17:39:17,0.55,Clear,Clear conditions throughout the day.,clear-day,"42895099999,remote,42901099999,42894099999,42973099999"
"21.4434844005937, 87.02348429564694",2025-02-15,30.1,18.7,23.5,29,18.7,23.4,16.5,67.3,0,0,0,,0,0,25.2,14,174.1,1011.9,0,17.4,240.5,20.8,9,10,2025-02-15T06:12:38,2025-02-15T17:39:48,0.59,Clear,Clear conditions throughout the day.,clear-day,"42895099999,remote,42901099999,42894099999,42973099999"
"21.4434844005937, 87.02348429564694",2025-02-16,31.9,20.5,24.8,31.4,20.5,25.1,19.7,75,0,0,0,,0,0,30.2,18.7,194.6,1011.7,2.2,17.3,239.6,20.6,9,10,2025-02-16T06:12:01,2025-02-16T17:40:18,0.62,Clear,Clear conditions throughout the day.,clear-day,"42895099999,remote,42901099999,42894099999,42973099999"
"21.4434844005937, 87.02348429564694",2025-02-17,31.1,22.7,25.6,33.7,22.7,26.4,21,76.5,0,0,0,,0,0,30.2,18.7,194.3,1013.1,17.5,17.3,227.2,19.7,8,10,2025-02-17T06:11:22,2025-02-17T17:40:49,0.65,Clear,Clear conditions throughout the day.,clear-day,"42895099999,remote,42901099999,42894099999,42973099999"
"21.4434844005937, 87.02348429564694",2025-02-18,30.3,22.1,25.1,32.1,22.1,25.7,21,78.9,16.68,100,8.33,rain,0,0,25.2,16.2,191.9,1013,27,17.3,225.6,19.5,8,30,2025-02-18T06:10:43,2025-02-18T17:41:18,0.68,"Rain, Partially cloudy",Becoming cloudy in the afternoon with late afternoon rain.,rain,"42895099999,remote,42901099999,42894099999,42973099999"
"21.4434844005937, 87.02348429564694",2025-02-19,28.3,21.8,25.1,32.1,21.8,25.6,22.8,87.4,0.183,100,8.33,rain,0,0,29.9,16.2,169.1,1012.3,46.8,16.6,201,17.4,7,30,2025-02-19T06:10:03,2025-02-19T17:41:47,0.72,"Rain, Partially cloudy",Partly cloudy throughout the day with rain.,rain,"42895099999,remote,42901099999,42894099999,42973099999"
"21.4434844005937, 87.02348429564694",2025-02-20,29.1,23.3,24.6,32.6,23.3,24.8,22.3,87.1,1.245,100,8.33,rain,0,0,29.9,17.6,161.7,1013.7,53.6,14.8,189,16.2,7,10,2025-02-20T06:09:22,2025-02-20T17:42:16,0.75,"Rain, Partially cloudy",Partly cloudy throughout the day with afternoon rain.,rain,"42895099999,remote,42901099999,42894099999,42973099999"
"21.4434844005937, 87.02348429564694",2025-02-21,28.2,19.7,24.2,30.1,19.7,24.5,21.4,84.9,5.653,100,4.17,rain,0,0,23.8,13.7,174.4,1014.3,21.4,17.3,221.1,19.1,8,30,2025-02-21T06:08:40,2025-02-21T17:42:44,0.78,"Rain, Partially cloudy",Partly cloudy throughout the day with early morning rain.,rain,"42895099999,remote,42901099999,42894099999,42973099999"
"21.4434844005937, 87.02348429564694",2025-02-22,29.4,21.8,24.8,33.1,21.8,25.4,22.3,86.5,12.047,100,12.5,rain,0,0,26.6,15.8,211.3,1014.3,44.9,17.1,208.1,17.8,8,30,2025-02-22T06:07:57,2025-02-22T17:43:12,0.81,"Rain, Partially cloudy",Partly cloudy throughout the day with rain.,rain,"42895099999,remote,42901099999,42894099999,42973099999"
"21.4434844005937, 87.02348429564694",2025-02-23,29.2,21,24,33.1,21,24.4,21.3,84.9,0.76,100,8.33,rain,0,0,33.1,10.4,80.7,1015.3,36,17.3,194.8,16.8,8,30,2025-02-23T06:07:14,2025-02-23T17:43:39,0.85,"Rain, Partially cloudy",Partly cloudy throughout the day with rain.,rain,"42895099999,remote,42901099999,42894099999,42973099999"
"21.4434844005937, 87.02348429564694",2025-02-24,28.5,21.2,24.7,31.1,21.2,25.3,21.4,82.6,0.4,100,12.5,rain,0,0,20.9,13,66.2,1016.6,22,17.3,227.4,19.7,8,30,2025-02-24T06:06:29,2025-02-24T17:44:06,0.88,"Rain, Partially cloudy",Partly cloudy throughout the day with rain clearing later.,rain,"42895099999,remote,42901099999,42894099999,42973099999"
"21.4434844005937, 87.02348429564694",2025-02-25,30.2,21.7,25.2,32.8,21.7,25.8,21.2,79.2,0,0,0,,0,0,20.2,10.1,189.9,1017.5,20.7,17.2,229,19.7,8,10,2025-02-25T06:05:44,2025-02-25T17:44:32,0.91,Partially cloudy,Partly cloudy throughout the day.,partly-cloudy-day,"42895099999,remote,42901099999,42894099999,42973099999"
"21.4434844005937, 87.02348429564694",2025-02-26,29.8,22.3,25.2,32,22.3,25.6,20.9,78.2,0,0,0,,0,0,18.4,10.1,121.4,1017.5,38.7,17.2,221.8,19.1,8,10,2025-02-26T06:04:59,2025-02-26T17:44:58,0.94,Partially cloudy,Partly cloudy throughout the day.,partly-cloudy-day,"42895099999,remote,42901099999,42894099999,42973099999"
"21.4434844005937, 87.02348429564694",2025-02-27,30.1,21.9,25.6,33.9,21.9,26.2,21.3,78.1,0,0,0,,0,0,31.7,19.4,177.5,1015.3,17.7,17.3,231,19.8,8,10,2025-02-27T06:04:12,2025-02-27T17:45:24,0.98,Clear,Clear conditions throughout the day.,clear-day,"42895099999,remote,42901099999,42894099999,42973099999"
"21.4434844005937, 87.02348429564694",2025-02-28,31.4,22.4,26,35.1,22.4,26.9,22.3,81.2,0,0,0,,0,0,21.2,13,192.4,1014,24.1,19.8,246.8,21.2,9,30,2025-02-28T06:03:25,2025-02-28T17:45:49,0,Partially cloudy,Partly cloudy throughout the day.,partly-cloudy-day,"42895099999,remote,42901099999,42894099999,42973099999"
"21.4434844005937, 87.02348429564694",2025-03-01,34,23.1,27.2,36.6,23.1,28.7,22,74.3,0,0,0,,0,0,28.4,19.8,208.4,1011.5,11.7,17.3,252.5,21.9,9,10,2025-03-01T06:02:37,2025-03-01T17:46:14,0.04,Clear,Clear conditions throughout the day.,clear-day,"42895099999,remote,42901099999,42894099999,42973099999"
"21.4434844005937, 87.02348429564694",2025-03-02,33.3,22.4,27.4,36.4,22.4,29.3,20.9,68.4,0,0,0,,0,0,28.4,18.7,203.1,1008.6,18.5,17.4,241,20.7,9,10,2025-03-02T06:01:49,2025-03-02T17:46:38,0.08,Clear,Clear conditions throughout the day.,clear-day,"42895099999,remote,42901099999,42894099999,42973099999"
"21.4434844005937, 87.02348429564694",2025-03-03,33.2,24.4,27.3,33.3,24.4,28.5,21.4,71.9,0,0,0,,0,0,25.9,18.4,322.3,1009.6,24.5,17.4,244.3,21,9,10,2025-03-03T06:01:00,2025-03-03T17:47:02,0.11,Partially cloudy,Partly cloudy throughout the day.,partly-cloudy-day,"42895099999,remote,42901099999,42894099999,42973099999"
"21.4434844005937, 87.02348429564694",2025-03-04,33,22.7,27,32.7,22.7,27.4,20.3,69.8,0,0,0,,0,0,25.6,16.6,21.8,1010.2,4.4,17.4,260.3,22.4,9,10,2025-03-04T06:00:10,2025-03-04T17:47:26,0.15,Clear,Clear conditions throughout the day.,clear-day,"42895099999,remote,42901099999,42894099999,42973099999"
"21.4434844005937, 87.02348429564694",2025-03-05,32.9,22.2,26.6,33,22.2,27.1,19.9,68.8,0,0,0,,0,0,30.2,17.3,188.2,1009.6,4.7,17.4,260.1,22.5,9,10,2025-03-05T05:59:20,2025-03-05T17:47:49,0.18,Clear,Clear conditions throughout the day.,clear-day,"42895099999,remote,42901099999,42894099999,42973099999"
"21.4434844005937, 87.02348429564694",2025-03-06,30.1,20.4,25.4,28.9,20.4,25.1,13.9,53.2,0.1,100,4.17,rain,0,0,34.9,23,25,1011.3,2.9,17.4,277.6,23.8,9,10,2025-03-06T05:58:29,2025-03-06T17:48:12,0.25,Rain,Clear conditions throughout the day with early morning rain.,rain,"42895099999,remote,42901099999,42894099999,42973099999"
"21.4434844005937, 87.02348429564694",2025-03-07,30.1,18.8,24.5,29.3,18.8,24.4,16.4,62.9,0,0,0,,0,0,28.4,18,155,1010.5,0.5,17.4,273.6,23.6,9,10,2025-03-07T05:57:38,2025-03-07T17:48:34,0.25,Clear,Clear conditions throughout the day.,clear-day,"42895099999,remote,42901099999,42894099999,42973099999"
"21.4434844005937, 87.02348429564694",2025-03-08,32.1,21.2,25.7,34.3,21.2,26.6,21.3,77.8,0,0,0,,0,0,33.8,21.2,185.7,1009,12,17.4,267,22.9,9,10,2025-03-08T05:56:47,2025-03-08T17:48:57,0.29,Clear,Clear conditions throughout the day.,clear-day,"42895099999,remote,42901099999,42894099999,42973099999"
"21.4434844005937, 87.02348429564694",2025-03-09,30.9,23.4,26.1,34.9,23.4,27.1,22.4,80.9,0,0,0,,0,0,30.2,19.1,168.9,1012.5,22.2,17.2,260.5,22.6,9,10,2025-03-09T05:55:55,2025-03-09T17:49:19,0.32,Partially cloudy,Partly cloudy throughout the day.,partly-cloudy-day,"42895099999,remote,42901099999,42973099999"
"21.4434844005937, 87.02348429564694",2025-03-10,31.2,23,26,34.1,23,26.6,20.8,74.6,0,0,0,,0,0,26.3,15.5,170.6,1015,9.7,17.3,269.5,23.4,9,10,2025-03-10T05:55:02,2025-03-10T17:49:40,0.36,Clear,Clear conditions throughout the day.,clear-day,"42895099999,remote,42901099999,42894099999,42973099999"
"21.4434844005937, 87.02348429564694",2025-03-11,33.2,22.4,27,32.4,22.4,27.6,19,63.9,0,0,0,,0,0,30.2,19.1,197,1012.9,0,17.4,271.9,23.4,9,10,2025-03-11T05:54:10,2025-03-11T17:50:02,0.39,Clear,Clear conditions throughout the day.,clear-day,"42895099999,remote,42901099999,42894099999,42973099999"
"21.4434844005937, 87.02348429564694",2025-03-12,33.9,22.2,27.5,37.6,22.2,29.1,20,64.8,0,0,0,,0,0,30.2,22,199.3,1009.1,1.5,17.4,269.5,23.3,9,10,2025-03-12T05:53:16,2025-03-12T17:50:23,0.43,Clear,Clear conditions throughout the day.,clear-day,"42895099999,remote,42901099999,42894099999,42973099999"
"21.4434844005937, 87.02348429564694",2025-03-13,36,24.1,28.7,38.7,24.1,31.5,22.4,70.6,0,0,0,,0,0,31.3,20.9,204.5,1007,2,18.2,265.8,22.9,9,30,2025-03-13T05:52:23,2025-03-13T17:50:44,0.46,Clear,Clear conditions throughout the day.,clear-day,"42895099999,remote,42901099999,42894099999,42973099999"
"21.4434844005937, 87.02348429564694",2025-03-14,34.7,25.4,29,43,25.4,33.3,24.5,77.5,0,0,0,,0,0,29.5,18.7,190.9,1008,16.7,17.4,259.2,22.4,9,60,2025-03-14T05:51:29,2025-03-14T17:51:04,0.5,Clear,Clear conditions throughout the day.,clear-day,"42895099999,remote,42901099999,42894099999,42973099999"
"21.4434844005937, 87.02348429564694",2025-03-15,35,24.8,28.8,42.8,24.8,33.5,24.8,80.1,0,0,0,,0,0,26.6,17.6,186.3,1009.5,19.4,17.4,262.6,22.8,9,30,2025-03-15T05:50:35,2025-03-15T17:51:25,0.53,Clear,Clear conditions throughout the day.,clear-day,"42895099999,remote,42901099999,42894099999,42973099999"
"21.4434844005937, 87.02348429564694",2025-03-16,32.8,25.2,29,42.1,25.2,33.8,25,79.9,0,0,0,,0,0,32,21.6,191.5,1009,25.1,17.4,269.7,23.3,9,30,2025-03-16T05:49:41,2025-03-16T17:51:45,0.57,Partially cloudy,Partly cloudy throughout the day.,partly-cloudy-day,"42895099999,remote,42901099999,42894099999,42973099999"
"21.4434844005937, 87.02348429564694",2025-03-17,33,25.9,28.7,42.1,25.9,33.4,24.8,80,0,0,0,,0,0,27.4,16.2,152.7,1008.7,25.2,17.4,259.5,22.5,9,15,2025-03-17T05:48:47,2025-03-17T17:52:05,0.6,Partially cloudy,Clearing in the afternoon.,partly-cloudy-day,"42895099999,remote,42901099999,42894099999,42973099999"
"21.4434844005937, 87.02348429564694",2025-03-18,33.9,26,28.5,34.3,26,30.7,22.6,73.1,0,0,0,,0,0,28.4,16.6,124.2,1010,38.4,17.4,268.9,23.2,9,10,2025-03-18T05:47:52,2025-03-18T17:52:25,0.63,Partially cloudy,Partly cloudy throughout the day.,partly-cloudy-day,"42895099999,remote,42901099999,42894099999,42973099999"
"21.4434844005937, 87.02348429564694",2025-03-19,33.6,24.1,28,38.6,24.1,31.5,24.1,80.2,0,0,0,,0,0,31,19.8,173.2,1012.7,25.1,16.8,259,22.3,9,60,2025-03-19T05:46:57,2025-03-19T17:52:45,0.66,Partially cloudy,Partly cloudy throughout the day.,partly-cloudy-day,"42895099999,remote,42901099999,42894099999,42973099999"
"21.4434844005937, 87.02348429564694",2025-03-20,33.8,25.2,28.1,41.3,25.2,31.4,24.1,79.6,0,0,0,,0,0,31,18.4,167.6,1013.9,37.5,17.4,253.7,21.9,9,30,2025-03-20T05:46:02,2025-03-20T17:53:04,0.7,Partially cloudy,Partly cloudy throughout the day.,partly-cloudy-day,"42895099999,remote,42901099999,42894099999,42973099999"
"21.4434844005937, 87.02348429564694",2025-03-21,31.2,21.2,26.4,36.2,21.2,27.7,22.3,78.6,30.58,100,8.33,rain,0,0,34.6,18.7,73.2,1015.3,58.7,17.2,226.1,19.6,8,30,2025-03-21T05:45:07,2025-03-21T17:53:24,0.73,"Rain, Partially cloudy",Partly cloudy throughout the day with late afternoon rain.,rain,"42895099999,remote,42901099999,42894099999,42973099999"
"21.4434844005937, 87.02348429564694",2025-03-22,26.7,20.3,23.9,26.7,20.3,23.9,20.6,82.6,14.616,100,12.5,rain,0,0,25.9,16.2,172,1015.4,77.9,17.1,136.5,11.9,6,30,2025-03-22T05:44:12,2025-03-22T17:53:43,0.75,"Rain, Partially cloudy",Partly cloudy throughout the day with rain in the morning and afternoon.,rain,"42895099999,remote,42901099999,42894099999,42973099999"
"21.4434844005937, 87.02348429564694",2025-03-23,28,20.6,24.8,30.6,20.6,25.2,21,80.2,0.014,100,4.17,rain,0,0,28.8,17.3,234.6,1014.8,45.8,17.4,179.3,15.4,6,10,2025-03-23T05:43:17,2025-03-23T17:54:02,0.8,"Rain, Partially cloudy",Partly cloudy throughout the day with afternoon rain.,rain,"42895099999,remote,42901099999,42894099999,42973099999"
"21.4434844005937, 87.02348429564694",2025-03-24,31.4,21.4,26.3,34.7,21.4,27.3,21.6,76.3,0.005,100,4.17,rain,0,0,22.3,10.8,191.7,1013.5,20.3,17.4,264,22.8,9,30,2025-03-24T05:42:22,2025-03-24T17:54:21,0.83,"Rain, Partially cloudy",Partly cloudy throughout the day with late afternoon rain.,rain,"42895099999,remote,42901099999,42894099999,42973099999"
"21.4434844005937, 87.02348429564694",2025-03-25,32.6,23.3,27.6,35.9,23.3,29.4,22.3,74.7,0,0,0,,0,0,23.8,15.5,210.5,1009.7,9.8,17.4,281.1,24.4,9,10,2025-03-25T05:41:26,2025-03-25T17:54:40,0.86,Clear,Clear conditions throughout the day.,clear-day,"42895099999,remote,42901099999,42894099999,42973099999"
"21.4434844005937, 87.02348429564694",2025-03-26,33.7,24.2,28.3,40.1,24.2,31.2,23.6,76.8,0,0,0,,0,0,32,20.2,192.5,1006.9,8,17.4,281.3,24.1,9,10,2025-03-26T05:40:31,2025-03-26T17:54:59,0.89,Clear,Clear conditions throughout the day.,clear-day,"42895099999,remote,42901099999,42894099999,42973099999"
"21.4434844005937, 87.02348429564694",2025-03-27,36,24.8,29.2,37.7,24.8,32.3,23.2,72.1,0,0,0,,0,0,26.6,19.1,202.4,1005.1,6.7,17.2,292.9,25.1,10,10,2025-03-27T05:39:36,2025-03-27T17:55:18,0.93,Clear,Clear conditions throughout the day.,clear-day,"42895099999,remote,42901099999,42894099999,42973099999"
"21.4434844005937, 87.02348429564694",2025-03-28,36.9,24.8,29.9,40.9,24.8,33.7,23.4,70.1,0,0,0,,0,0,28.1,19.4,203.9,1004.6,7.6,18.2,294.8,25.4,10,10,2025-03-28T05:38:41,2025-03-28T17:55:37,0.96,Clear,Clear conditions throughout the day.,clear-day,"42895099999,remote,42901099999,42894099999,42973099999"
"21.4434844005937, 87.02348429564694",2025-03-29,35.9,25.2,29.6,42,25.2,35,25,77.5,0,0,0,,0,0,31.7,19.1,184.2,1006,10,17.2,287.8,24.7,10,15,2025-03-29T05:37:46,2025-03-29T17:55:56,0,Clear,Clear conditions throughout the day.,clear-day,"42895099999,remote,42901099999,42894099999,42973099999"
"21.4434844005937, 87.02348429564694",2025-03-30,33.8,26.9,29.1,42.4,30.7,35.2,25.8,83,0,0,0,,0,0,34.2,22.7,173.7,1008.6,37.7,17.3,264.6,22.9,9,30,2025-03-30T05:36:51,2025-03-30T17:56:15,0.03,Partially cloudy,Partly cloudy throughout the day.,partly-cloudy-day,"42895099999,remote,42901099999,42894099999,42973099999"
"21.4434844005937, 87.02348429564694",2025-03-31,34,27,29.1,40.8,30.3,34.5,25.1,79.6,0,0,0,,0,0,41.8,25.9,184,1009,36.1,17.4,265.8,23.1,9,30,2025-03-31T05:35:56,2025-03-31T17:56:34,0.06,Partially cloudy,Partly cloudy throughout the day.,partly-cloudy-day,"42895099999,remote,42901099999,42894099999,42973099999"
"21.4434844005937, 87.02348429564694",2025-04-01,33.8,26.1,29,40.8,26.1,33.7,24.6,77.7,0,0,0,,0,0,38.2,26.6,188.3,1008.5,30.4,17.4,273.9,23.6,9,30,2025-04-01T05:35:02,2025-04-01T17:56:53,0.1,Partially cloudy,Partly cloudy throughout the day.,partly-cloudy-day,"42895099999,remote,42901099999,42894099999,42973099999"
"21.4434844005937, 87.02348429564694",2025-04-02,33.8,25.4,28.9,40.6,25.4,33.1,24.4,77.5,0,0,0,,0,0,42.8,25.6,187.9,1010,29.6,17.4,276.7,23.7,9,30,2025-04-02T05:34:07,2025-04-02T17:57:12,0.13,Partially cloudy,Partly cloudy throughout the day.,partly-cloudy-day,"42895099999,remote,42901099999,42894099999,42973099999"
"21.4434844005937, 87.02348429564694",2025-04-03,34,25.7,28.8,41,25.7,33.1,24.4,77.3,0,0,0,,0,0,34.2,22,184.1,1011.2,32.3,17.4,274.4,23.7,9,10,2025-04-03T05:33:13,2025-04-03T17:57:31,0.17,Partially cloudy,Partly cloudy throughout the day.,partly-cloudy-day,"42895099999,remote,42901099999,42894099999,42973099999"
"21.4434844005937, 87.02348429564694",2025-04-04,35.4,25.3,29.5,38.9,25.3,33.2,23.3,70.8,0,0,0,,0,0,32.4,21.2,204.2,1010.3,52.2,17.4,250,21.7,9,10,2025-04-04T05:32:19,2025-04-04T17:57:50,0.2,Partially cloudy,Partly cloudy throughout the day.,partly-cloudy-day,"42895099999,remote,42901099999,42894099999,42973099999"
"21.4434844005937, 87.02348429564694",2025-04-05,36,26.2,30,41.5,26.2,34.9,24,71.5,0,0,0,,0,0,33.1,20.5,190.4,1008.5,20.2,17.4,273.8,23.6,9,10,2025-04-05T05:31:25,2025-04-05T17:58:10,0.25,Partially cloudy,Partly cloudy throughout the day.,partly-cloudy-day,"42895099999,remote,42901099999,42894099999,42973099999"
"21.4434844005937, 87.02348429564694",2025-04-06,35.9,26.4,29.8,44.8,26.4,35.8,25.2,76.8,0.7,100,4.17,rain,0,0,37.4,26.3,191.6,1007.5,22.9,17.3,272.3,23.4,9,100,2025-04-06T05:30:32,2025-04-06T17:58:29,0.27,"Rain, Partially cloudy",Partly cloudy throughout the day with afternoon rain.,rain,"42895099999,remote,42901099999,42894099999,42973099999"
"21.4434844005937, 87.02348429564694",2025-04-07,33,26.3,29,39.8,26.3,34.5,25.4,81.3,0,0,0,,0,0,38.5,24.8,175.8,1009.8,23.3,17.4,272.7,23.7,10,75,2025-04-07T05:29:39,2025-04-07T17:58:48,0.3,Partially cloudy,Partly cloudy throughout the day.,partly-cloudy-day,"42895099999,remote,42901099999,42894099999,42973099999"
"21.4434844005937, 87.02348429564694",2025-04-08,32.8,26.4,29,39.8,26.4,33.8,24.6,77.4,0,0,0,rain,0,0,35.3,22,169.6,1012.7,35.8,17.4,266.8,23.1,9,75,2025-04-08T05:28:46,2025-04-08T17:59:08,0.34,Partially cloudy,Partly cloudy throughout the day.,partly-cloudy-day,"42895099999,remote,42901099999,42894099999,42973099999"
"21.4434844005937, 87.02348429564694",2025-04-09,32.8,25.4,28.7,38.5,25.4,32.4,23.6,74.6,0.1,100,4.17,rain,0,0,41.8,24.8,183.1,1010.8,25.9,17.4,266.2,22.9,9,30,2025-04-09T05:27:54,2025-04-09T17:59:27,0.37,"Rain, Partially cloudy",Partly cloudy throughout the day with early morning rain.,rain,"42895099999,remote,42901099999,42894099999,42973099999"
"21.4434844005937, 87.02348429564694",2025-04-10,32.8,22.1,28.3,38.6,22.1,31.8,23.5,75.8,6.5,100,4.17,rain,0,0,37.4,23.8,177.2,1006.9,42.4,17.3,256.8,22.2,9,30,2025-04-10T05:27:02,2025-04-10T17:59:47,0.41,"Rain, Partially cloudy",Partly cloudy throughout the day with late afternoon rain.,rain,"42895099999,remote,42901099999,42894099999,42973099999"
"21.4434844005937, 87.02348429564694",2025-04-11,30.7,22.3,27.6,35.5,22.3,30.3,23.3,78.3,0.584,100,8.33,rain,0,0,32.4,20.9,164.2,1005,50.8,17,273.9,23.6,9,60,2025-04-11T05:26:11,2025-04-11T18:00:07,0.44,"Rain, Partially cloudy",Clearing in the afternoon with rain clearing later.,rain,"42895099999,remote,42901099999,42894099999,42973099999"
"21.4434844005937, 87.02348429564694",2025-04-12,34.3,22.1,28.5,44.4,22.1,33.3,24.8,81.2,29.472,100,8.33,rain,0,0,41.8,24.1,180.3,1006.7,54.6,17.2,272.9,23.6,9,75,2025-04-12T05:25:19,2025-04-12T18:00:27,0.47,"Rain, Partially cloudy",Becoming cloudy in the afternoon with late afternoon rain.,rain,"42895099999,remote,42901099999,42894099999,42973099999"
"21.4434844005937, 87.02348429564694",2025-04-13,32.2,23.7,28.3,37.8,23.7,32.2,24.1,78.6,0,0,0,,0,0,30.6,20.2,178.2,1008.2,50.2,17.4,217.3,18.6,9,75,2025-04-13T05:24:29,2025-04-13T18:00:47,0.5,Partially cloudy,Clearing in the afternoon.,partly-cloudy-day,"42895099999,remote,42901099999,42894099999,42973099999"
"21.4434844005937, 87.02348429564694",2025-04-14,32.2,23.6,28.4,40.3,23.6,33,24.8,81.1,0.093,100,4.17,rain,0,0,28.8,16.9,178.7,1008.9,59.9,17.2,207.5,18.1,9,60,2025-04-14T05:23:39,2025-04-14T18:01:08,0.54,"Rain, Partially cloudy",Partly cloudy throughout the day with late afternoon rain.,rain,"42895099999,remote,42901099999,42894099999,42973099999"
"21.4434844005937, 87.02348429564694",2025-04-15,30.5,23.1,27.9,35.8,23.1,31.4,23.9,79.6,5.472,100,8.33,rain,0,0,29.9,16.9,165.9,1009.9,52.6,17.4,269.5,23.2,9,30,2025-04-15T05:22:49,2025-04-15T18:01:28,0.58,"Rain, Partially cloudy",Partly cloudy throughout the day with rain clearing later.,rain,"42895099999,remote,42901099999,42894099999,42973099999"
"21.4434844005937, 87.02348429564694",2025-04-16,32.2,25.1,28.3,38.7,25.1,31.8,24.1,78.3,0.203,100,4.17,rain,0,0,37.1,22.3,198.1,1008.8,33.7,17.4,262.5,22.4,9,30,2025-04-16T05:22:00,2025-04-16T18:01:49,0.61,"Rain, Partially cloudy",Partly cloudy throughout the day with afternoon rain.,rain,"42895099999,remote,42901099999,42894099999,42973099999"
"21.4434844005937, 87.02348429564694",2025-04-17,34.4,24.2,28.6,43.1,24.2,33.2,24.7,80,19.143,100,8.33,rain,0,0,37.1,22.7,194,1007,41.2,15.9,262.2,22.4,9,60,2025-04-17T05:21:11,2025-04-17T18:02:10,0.64,"Rain, Partially cloudy",Partly cloudy throughout the day with rain.,rain,"42895099999,remote,42901099999,42894099999,42973099999"
"21.4434844005937, 87.02348429564694",2025-04-18,32.2,22.3,27.9,41.7,22.3,32.4,24.8,83.8,53.971,100,16.67,rain,0,0,40.7,25.6,191,1006.4,53.2,17.1,257.1,22.2,9,60,2025-04-18T05:20:23,2025-04-18T18:02:31,0.68,"Rain, Partially cloudy",Partly cloudy throughout the day with rain.,rain,"42895099999,remote,42901099999,42894099999,42973099999"
"21.4434844005937, 87.02348429564694",2025-04-19,33,23.2,28.9,40.5,23.2,34.7,25.4,82,0.2,100,4.17,rain,0,0,36.7,22.3,184.1,1005.6,32.4,17.3,242.7,20.9,9,100,2025-04-19T05:19:36,2025-04-19T18:02:52,0.71,"Rain, Partially cloudy",Partly cloudy throughout the day with late afternoon rain.,rain,"42895099999,remote,42901099999,42894099999,42973099999"
"21.4434844005937, 87.02348429564694",2025-04-20,34,27.8,30.3,48.7,30.7,39.3,27,82.5,0,0,0,,0,0,36.4,24.1,187.4,1005.4,41.5,17.4,275.6,23.9,9,100,2025-04-20T05:18:49,2025-04-20T18:03:13,0.75,Partially cloudy,Partly cloudy throughout the day.,partly-cloudy-day,"42895099999,remote,42901099999,42894099999,42973099999"
"21.4434844005937, 87.02348429564694",2025-04-21,36.1,27.1,31.1,50.1,29.4,41,27.2,80.2,0,0,0,,0,0,40.3,29.2,192.1,1006.6,34.8,17.4,279.7,24.2,9,100,2025-04-21T05:18:03,2025-04-21T18:03:35,0.75,Partially cloudy,Partly cloudy throughout the day.,partly-cloudy-day,"42895099999,remote,42901099999,42894099999,42973099999"
"21.4434844005937, 87.02348429564694",2025-04-22,35,28.1,31,52.5,34.5,41.2,27.4,81.4,0,0,0,,0,0,44.3,28.4,195.9,1006.6,31.8,17.4,289.9,24.9,10,100,2025-04-22T05:17:17,2025-04-22T18:03:57,0.81,Partially cloudy,Clearing in the afternoon.,partly-cloudy-day,"42895099999,remote,42901099999,42894099999,42973099999"
"21.4434844005937, 87.02348429564694",2025-04-23,36,27.9,31.5,53,33.7,41.5,27.2,78.3,0,0,0,,0,0,36.4,23.8,196.8,1004.8,17.7,17.4,296.8,25.4,10,100,2025-04-23T05:16:33,2025-04-23T18:04:19,0.85,Clear,Clear conditions throughout the day.,clear-day,"42895099999,remote,42901099999,42973099999"
"21.4434844005937, 87.02348429564694",2025-04-24,37.2,28.7,31.8,51.7,36,42,27.2,77.4,0,0,0,,0,0,40.3,27,202,1003.9,27.6,17.1,284.1,24.2,10,100,2025-04-24T05:15:49,2025-04-24T18:04:41,0.88,Partially cloudy,Partly cloudy throughout the day.,partly-cloudy-day,"42895099999,remote,42901099999,42894099999,42973099999"
"21.4434844005937, 87.02348429564694",2025-04-25,36.9,28.2,31.7,54.3,34.6,41.8,27.1,77.2,0,0,0,,0,0,37.4,24.8,199.8,1004.9,27.3,17.1,292.5,25.1,10,75,2025-04-25T05:15:05,2025-04-25T18:05:04,0.91,Partially cloudy,Clearing in the afternoon.,partly-cloudy-day,"42895099999,remote,42901099999,42894099999,42973099999"
"21.4434844005937, 87.02348429564694",2025-04-26,36.7,27,31.3,48.6,28.7,39.7,26.2,74.7,0,0,0,,0,0,47.5,30.6,206.1,1005.6,29.7,17.4,292.7,25.2,10,100,2025-04-26T05:14:23,2025-04-26T18:05:27,0.95,Partially cloudy,Partly cloudy throughout the day.,partly-cloudy-day,"42895099999,remote,42901099999,42894099999,42973099999"
"21.4434844005937, 87.02348429564694",2025-04-27,32.5,26.5,29.6,41.9,26.5,35.2,24.7,75.2,0,0,0,,0,0,42.8,28.8,207.8,1007.7,67.9,17.4,231.3,19.9,8,75,2025-04-27T05:13:41,2025-04-27T18:05:50,0.98,Partially cloudy,Partly cloudy throughout the day.,partly-cloudy-day,"42895099999,remote,42901099999,42894099999,42973099999"
"21.4434844005937, 87.02348429564694",2025-04-28,34.6,24.9,29.3,41.9,24.9,34.9,24.7,76.5,3.525,100,12.5,rain,0,0,34.2,19.4,207.1,1007.5,54.7,17.4,269.1,23.2,9,60,2025-04-28T05:13:00,2025-04-28T18:06:13,0,"Rain, Partially cloudy",Partly cloudy throughout the day with rain.,rain,"42895099999,remote,42901099999,42973099999"
"21.4434844005937, 87.02348429564694",2025-04-29,31.8,22.8,27.3,38.4,22.8,30.2,23.5,80.6,0.932,100,8.33,rain,0,0,28.4,13.7,151.1,1007.9,30.9,16.6,245.8,21.2,9,60,2025-04-29T05:12:19,2025-04-29T18:06:36,0.05,"Rain, Partially cloudy",Partly cloudy throughout the day with rain.,rain,"42895099999,remote,42901099999,42894099999,42973099999"
"21.4434844005937, 87.02348429564694",2025-04-30,33.1,23.5,28,36.5,23.5,31,23.6,78.2,0.09,100,4.17,rain,0,0,34.6,18.7,191.5,1008.4,40.2,17.4,258,22.2,8,30,2025-04-30T05:11:40,2025-04-30T18:07:00,0.08,"Rain, Partially cloudy",Partly cloudy throughout the day with early morning rain.,rain,"42895099999,remote,42901099999,42894099999,42973099999"
"21.4434844005937, 87.02348429564694",2025-05-01,33,22.7,28,38.3,22.7,31.3,23.5,77.1,0.927,100,4.17,rain,0,0,24.8,13.3,157.6,1009.7,30.6,17,276.5,23.8,9,30,2025-05-01T05:11:01,2025-05-01T18:07:24,0.12,"Rain, Partially cloudy",Partly cloudy throughout the day with late afternoon rain.,rain,"42895099999,remote,42901099999,42894099999,42973099999"
"21.4434844005937, 87.02348429564694",2025-05-02,32.5,22.1,27.7,38.4,22.1,30.2,22.7,74.9,0.5,100,20.83,rain,0,0,25.9,15.5,151.5,1009,29.4,17.4,276.3,23.9,9,30,2025-05-02T05:10:24,2025-05-02T18:07:48,0.15,"Rain, Partially cloudy",Partly cloudy throughout the day with rain clearing later.,rain,"42895099999,remote,42901099999,42894099999,42973099999"
"21.4434844005937, 87.02348429564694",2025-05-03,33.2,23.3,28.6,42.4,23.3,32.9,24.5,79.3,5.899,100,8.33,rain,0,0,31.7,21.6,201.2,1006.9,34.7,17.3,283.5,24.6,9,30,2025-05-03T05:09:47,2025-05-03T18:08:12,0.18,"Rain, Partially cloudy",Partly cloudy throughout the day with rain.,rain,"42895099999,remote,42901099999,42894099999,42973099999"
"21.4434844005937, 87.02348429564694",2025-05-04,31.9,23.1,28.2,37.1,23.1,31.9,24,78.7,2.436,100,4.17,rain,0,0,26.6,14.8,179.5,1006.2,54.9,17.4,256.7,22.3,9,10,2025-05-04T05:09:11,2025-05-04T18:08:36,0.25,"Rain, Partially cloudy",Partly cloudy throughout the day with morning rain.,rain,"42895099999,remote,42901099999,42894099999,42973099999"
"21.4434844005937, 87.02348429564694",2025-05-05,34,26.1,29.7,43,26.1,35.5,25.2,77.8,0.2,100,4.17,rain,0,0,27.4,19.4,180.6,1006.1,27.3,17.4,290.4,25.1,9,60,2025-05-05T05:08:36,2025-05-05T18:09:01,0.25,"Rain, Partially cloudy",Partly cloudy throughout the day with afternoon rain.,rain,"42895099999,remote,42901099999,42973099999"
"21.4434844005937, 87.02348429564694",2025-05-06,34.4,23.4,29.5,45.1,23.4,35.8,25.6,80.3,11.273,100,8.33,rain,0,0,29.5,17.3,180.4,1006.6,45.8,17.3,290,25.2,9,60,2025-05-06T05:08:02,2025-05-06T18:09:26,0.28,"Rain, Partially cloudy",Partly cloudy throughout the day with rain.,rain,"42895099999,remote,42901099999,42894099999,42973099999"
"21.4434844005937, 87.02348429564694",2025-05-07,33.3,24.3,29.8,44.5,24.3,37,26.1,81,0.4,100,4.17,rain,0,0,31.3,19.4,184.4,1005.5,39,17.1,282.8,24.6,9,60,2025-05-07T05:07:28,2025-05-07T18:09:51,0.32,"Rain, Partially cloudy",Partly cloudy throughout the day with afternoon rain.,rain,"42895099999,remote,42901099999,42894099999,42973099999"
"21.4434844005937, 87.02348429564694",2025-05-08,35.9,26.2,30.7,46,26.2,38.3,26,76.8,0,0,0,,0,0,27.7,18,195.3,1006,33.2,17.4,289.8,25,9,60,2025-05-08T05:06:56,2025-05-08T18:10:16,0.35,Partially cloudy,Partly cloudy throughout the day.,partly-cloudy-day,"42895099999,remote,42901099999,42894099999,42973099999"
"21.4434844005937, 87.02348429564694",2025-05-09,37,28.1,31.5,50.5,34.3,40.4,26.4,75.3,0,0,0,,0,0,25.9,16.9,199.2,1006.4,32.9,17.4,290.4,25.1,9,30,2025-05-09T05:06:25,2025-05-09T18:10:41,0.38,Partially cloudy,Partly cloudy throughout the day.,partly-cloudy-day,"42895099999,remote,42901099999,42894099999,42973099999"
"21.4434844005937, 87.02348429564694",2025-05-10,38.7,27.2,32.3,48.6,31.6,40.4,25.6,69,0,0,0,,0,0,25.6,15.8,206.1,1005.9,15.1,17.5,293.1,25.3,9,30,2025-05-10T05:05:55,2025-05-10T18:11:06,0.42,Clear,Clear conditions throughout the day.,clear-day,"42895099999,remote,42901099999,42894099999,42973099999"
"21.4434844005937, 87.02348429564694",2025-05-11,38.1,27.8,32.3,47.8,32.5,40.2,25.4,67.7,0,0,0,,0,0,28.4,16.9,195.2,1004.3,14.3,17.4,294.9,25.5,9,10,2025-05-11T05:05:25,2025-05-11T18:11:32,0.45,Clear,Clear conditions throughout the day.,clear-day,"42895099999,remote,42901099999,42894099999,42973099999"
"21.4434844005937, 87.02348429564694",2025-05-12,35.2,27.3,31.6,50.8,30.5,40.3,26.2,73.3,1.853,100,4.17,rain,0,0,36,21.6,204.1,1003.1,41.5,18.2,280.8,24.4,9,60,2025-05-12T05:04:57,2025-05-12T18:11:58,0.5,"Rain, Partially cloudy",Partly cloudy throughout the day with late afternoon rain.,rain,"42895099999,remote,42901099999,42894099999,42973099999"
"21.4434844005937, 87.02348429564694",2025-05-13,34.6,25.7,30.5,45.3,25.7,38.6,26.2,78.4,4.039,100,16.67,rain,0,0,40.3,22.3,197.6,1003.6,47.6,16.7,255.6,22.2,9,75,2025-05-13T05:04:30,2025-05-13T18:12:23,0.52,"Rain, Partially cloudy",Partly cloudy throughout the day with rain.,rain,"42895099999,remote,42901099999,42894099999,42973099999"
"21.4434844005937, 87.02348429564694",2025-05-14,34.8,27.4,31.1,49.4,30,41.1,27.2,79.9,0,0,0,,0,0,40,23.4,190.2,1004.3,42.2,17.4,269.3,23.3,9,75,2025-05-14T05:04:04,2025-05-14T18:12:49,0.55,Partially cloudy,Partly cloudy throughout the day.,partly-cloudy-day,"42895099999,remote,42901099999,42894099999,42973099999"
"21.4434844005937, 87.02348429564694",2025-05-15,35.8,28.9,31.2,49.6,33.4,41.2,27.2,79.5,0,0,0,,0,0,36.4,22.3,190.9,1004.8,55,17.4,255.8,22.2,9,75,2025-05-15T05:03:39,2025-05-15T18:13:15,0.59,Partially cloudy,Partly cloudy throughout the day.,partly-cloudy-day,"42895099999,remote,42901099999,42894099999,42973099999"
"21.4434844005937, 87.02348429564694",2025-05-16,35.1,27.7,30.5,49.3,31,39.3,26.6,80.3,3.6,100,8.33,rain,0,0,39.6,24.5,190.6,1004.9,77.3,17.2,227.4,19.7,7,75,2025-05-16T05:03:15,2025-05-16T18:13:41,0.62,"Rain, Partially cloudy",Partly cloudy throughout the day with afternoon rain.,rain,"42895099999,remote,42901099999,42894099999,42973099999"
"21.4434844005937, 87.02348429564694",2025-05-17,34.2,27.1,30.3,46.3,29.8,38.6,26.5,80.3,0.4,100,4.17,rain,0,0,39.6,28.8,187.2,1005.4,62.5,17.4,260.9,22.6,9,60,2025-05-17T05:02:51,2025-05-17T18:14:07,0.66,"Rain, Partially cloudy",Partly cloudy throughout the day with afternoon rain.,rain,"42895099999,remote,42901099999,42894099999,42973099999"
"21.4434844005937, 87.02348429564694",2025-05-18,33.4,28.2,29.9,43.1,34.2,37.8,26.5,82.2,0.7,100,4.17,rain,0,0,34.9,21.2,167.9,1006,67.5,17.4,220.8,19.1,8,60,2025-05-18T05:02:30,2025-05-18T18:14:34,0.69,"Rain, Partially cloudy",Partly cloudy throughout the day with afternoon rain.,rain,"42895099999,remote,42901099999,42894099999,42973099999"
"21.4434844005937, 87.02348429564694",2025-05-19,33.6,28.4,30.3,44.5,35,38.8,26.7,81.5,0.8,100,20.83,rain,0,0,36.4,23.8,175.7,1005.5,58.3,17.4,249.4,21.4,9,60,2025-05-19T05:02:09,2025-05-19T18:15:00,0.73,"Rain, Partially cloudy",Partly cloudy throughout the day with a chance of rain throughout the day.,rain,"42895099999,remote,42901099999,42894099999,42973099999"
"21.4434844005937, 87.02348429564694",2025-05-20,34.3,27.7,30.8,46.4,32.4,39.7,26.8,79.7,0.7,100,20.83,rain,0,0,39.6,22.3,184.2,1004,38.3,16.5,266.8,23.1,9,75,2025-05-20T05:01:49,2025-05-20T18:15:26,0.75,"Rain, Partially cloudy",Partly cloudy throughout the day with rain clearing later.,rain,"42895099999,remote,42901099999,42894099999,42973099999"
"21.4434844005937, 87.02348429564694",2025-05-21,35.6,27.2,30.9,48.4,31.2,39.9,26.8,79.2,0.101,100,4.17,rain,0,0,45,29.9,182.4,1004.3,49.5,16.9,275.6,23.8,9,75,2025-05-21T05:01:30,2025-05-21T18:15:52,0.8,"Rain, Partially cloudy",Partly cloudy throughout the day with morning rain.,rain,"42895099999,remote,42901099999,42894099999,42973099999"
"21.4434844005937, 87.02348429564694",2025-05-22,34.6,26,29.3,45.6,26,35.5,25.7,81.2,0.068,100,8.33,rain,0,0,32,18,172.7,1004.1,83.3,16,226.6,19.6,8,60,2025-05-22T05:01:13,2025-05-22T18:16:18,0.83,"Rain, Partially cloudy",Partly cloudy throughout the day with rain clearing later.,rain,"42895099999,remote,42901099999,42894099999,42973099999"
"21.4434844005937, 87.02348429564694",2025-05-23,34.1,27.4,29.2,42.1,30.9,35.3,25.7,81.8,0.255,100,8.33,rain,0,0,28.1,17.6,151.7,1002.3,86.4,15.9,153.4,13.2,7,30,2025-05-23T05:00:56,2025-05-23T18:16:44,0.87,"Rain, Partially cloudy",Partly cloudy throughout the day with rain.,rain,"42895099999,remote,42901099999,42973099999"
"21.4434844005937, 87.02348429564694",2025-05-24,33.4,27.2,28.7,43.8,31.7,34.7,26,85.5,4.647,100,8.33,rain,0,0,28.4,15.1,158.3,1002.2,93.3,16.4,190.1,16.5,8,30,2025-05-24T05:00:41,2025-05-24T18:17:10,0.9,"Rain, Overcast",Cloudy skies throughout the day with afternoon rain.,rain,"42895099999,remote,42901099999,42894099999,42973099999"
"21.4434844005937, 87.02348429564694",2025-05-25,30.1,27.1,28.7,37.7,31.3,35.2,26.3,86.9,12.745,100,16.67,rain,0,0,25.2,16.2,131.8,1002.8,91.2,17.1,164.1,14.1,6,30,2025-05-25T05:00:26,2025-05-25T18:17:36,0.94,"Rain, Overcast",Cloudy skies throughout the day with rain in the morning and afternoon.,rain,"42895099999,remote,42901099999,42894099999,42973099999"
"21.4434844005937, 87.02348429564694",2025-05-26,30.2,27.7,29,39.2,33.6,36,26.5,86.7,0.484,100,4.17,rain,0,0,29.2,18.7,106.6,1001.4,93,16.4,189.8,16.3,7,30,2025-05-26T05:00:13,2025-05-26T18:18:01,0.97,"Rain, Overcast",Cloudy skies throughout the day with morning rain.,rain,"42895099999,remote,42901099999,42894099999,42973099999"
"21.4434844005937, 87.02348429564694",2025-05-27,29.2,27,28,35.6,31.4,33.7,26.3,90.3,5.057,100,20.83,rain,0,0,34.6,21.6,55,998.1,94.4,10.9,84.5,7.1,3,30,2025-05-27T05:00:01,2025-05-27T18:18:27,0,"Rain, Overcast",Cloudy skies throughout the day with a chance of rain throughout the day.,rain,"42895099999,remote,42901099999,42894099999,42973099999"
"21.4434844005937, 87.02348429564694",2025-05-28,31.9,27.1,28.6,41.3,31.5,35.1,26.4,88.2,3.575,100,25,rain,0,0,50.8,29.9,30,995,95,13.1,117.5,10.1,5,10,2025-05-28T04:59:50,2025-05-28T18:18:52,0.04,"Rain, Overcast",Cloudy skies throughout the day with a chance of rain throughout the day.,rain,"42895099999,remote,42901099999,42894099999,42973099999"
"21.4434844005937, 87.02348429564694",2025-05-29,33.5,27.2,28.9,42.4,31.6,35.1,26,84.8,2.053,100,16.67,rain,0,0,46.1,34.6,345.9,992.4,98.1,15.7,124.6,10.9,6,10,2025-05-29T04:59:40,2025-05-29T18:19:17,0.07,"Rain, Overcast",Cloudy skies throughout the day with a chance of rain throughout the day.,rain,"42895099999,remote,42901099999,42894099999,42973099999"
"21.4434844005937, 87.02348429564694",2025-05-30,35.3,28,30.6,48.9,34,39.7,27.1,82.5,1.537,100,8.33,rain,0,0,38.2,28.1,218.9,995.9,94.7,16.9,202.5,17.5,7,60,2025-05-30T04:59:31,2025-05-30T18:19:42,0.1,"Rain, Overcast",Cloudy skies throughout the day with rain.,rain,"42895099999,remote,42901099999,42894099999,42973099999"
"21.4434844005937, 87.02348429564694",2025-05-31,35,27.9,30.5,46,33.8,39.5,27.1,82.4,0.116,100,8.33,rain,0,0,35.3,23,213.7,999.2,94.1,17.1,161.1,13.8,7,30,2025-05-31T04:59:24,2025-05-31T18:20:07,0.14,"Rain, Overcast",Cloudy skies throughout the day with rain.,rain,"42895099999,remote,42901099999,42894099999,42973099999"
"21.4434844005937, 87.02348429564694",2025-06-01,36.3,28.2,31.6,50.6,34.1,42,27.3,78.5,0.4,100,8.33,rain,0,0,32.4,21.6,224,999.2,88.4,17,188,16.3,8,60,2025-06-01T04:59:17,2025-06-01T18:20:31,0.17,"Rain, Partially cloudy",Partly cloudy throughout the day with rain in the morning and afternoon.,rain,"42895099999,remote,42901099999,42894099999,42973099999"
"21.4434844005937, 87.02348429564694",2025-06-02,38.3,29.7,32.9,46.8,35.7,41.1,25.6,66.6,0,0,0,,0,0,29.5,17.6,231.3,999.5,71,17.4,285.3,24.6,9,60,2025-06-02T04:59:11,2025-06-02T18:20:55,0.2,Partially cloudy,Partly cloudy throughout the day.,partly-cloudy-day,"42895099999,remote,42901099999,42894099999,42973099999"
"21.4434844005937, 87.02348429564694",2025-06-03,38,29.2,32.3,46.7,37,41.1,26.2,71.3,0.98,100,4.17,rain,0,0,29.5,20.2,221.6,1001.2,56,17.4,278,24,9,75,2025-06-03T04:59:07,2025-06-03T18:21:19,0.25,"Rain, Partially cloudy",Partly cloudy throughout the day with afternoon rain.,rain,"42895099999,remote,42901099999,42894099999,42973099999"
"21.4434844005937, 87.02348429564694",2025-06-04,35.3,25.8,30.7,49.7,25.8,39.3,26.7,80.3,33.36,100,4.17,rain,0,0,24.5,15.8,195.2,1003.2,50.7,17.2,270.9,23.4,9,60,2025-06-04T04:59:04,2025-06-04T18:21:42,0.27,"Rain, Partially cloudy",Partly cloudy throughout the day with late afternoon rain.,rain,"42895099999,remote,42901099999,42894099999,42973099999"
"21.4434844005937, 87.02348429564694",2025-06-05,32.1,26.2,29.7,41.6,26.2,37,26.4,83.3,0.01,100,4.17,rain,0,0,28.8,14.8,162.4,1005.5,72.6,17.1,257.5,22.3,8,30,2025-06-05T04:59:01,2025-06-05T18:22:05,0.3,"Rain, Partially cloudy",Partly cloudy throughout the day with morning rain.,rain,"42895099999,remote,42901099999,42894099999,42973099999"
"21.4434844005937, 87.02348429564694",2025-06-06,34.6,27.7,29.8,48.8,32,37.7,26.5,82.7,1.784,100,8.33,rain,0,0,22,11.9,200.3,1005.9,67.7,17.4,245.3,21.1,9,60,2025-06-06T04:59:00,2025-06-06T18:22:28,0.33,"Rain, Partially cloudy",Partly cloudy throughout the day with rain.,rain,"42895099999,remote,42901099999,42894099999,42973099999"
"21.4434844005937, 87.02348429564694",2025-06-07,35.2,27,30.2,45.3,30.7,37.8,26.1,79.1,0.556,100,4.17,rain,0,0,24.1,12.6,202.1,1005.1,41,17.3,280.2,24.2,9,75,2025-06-07T04:59:00,2025-06-07T18:22:50,0.37,"Rain, Partially cloudy",Partly cloudy throughout the day with afternoon rain.,rain,"42895099999,remote,42901099999,42894099999,42973099999"
"21.4434844005937, 87.02348429564694",2025-06-08,35.1,27,31,44.2,29.9,40.2,26.8,78.8,0,0,0,,0,0,27.4,15.8,175.1,1003.2,33.6,18.2,279.9,24.2,9,75,2025-06-08T04:59:00,2025-06-08T18:23:12,0.4,Partially cloudy,Partly cloudy throughout the day.,partly-cloudy-day,"42895099999,remote,42901099999,42894099999,42973099999"
"21.4434844005937, 87.02348429564694",2025-06-09,35.1,28.5,30.9,50.1,33.8,40.9,27.4,81.9,1.2,100,20.83,rain,0,0,27.4,15.1,176.7,1001.5,42.9,17.4,268.4,23.1,9,60,2025-06-09T04:59:02,2025-06-09T18:23:33,0.43,"Rain, Partially cloudy",Partly cloudy throughout the day with rain.,rain,"42895099999,remote,42901099999,42894099999,42973099999"
"21.4434844005937, 87.02348429564694",2025-06-10,34.8,27.3,30.4,46.2,31.3,38.7,26.6,80.4,0.181,100,4.17,rain,0,0,21.2,18,156.3,1000.8,60.5,17.4,318,27.4,10,30,2025-06-10T04:59:05,2025-06-10T18:23:54,0.47,"Rain, Partially cloudy",Partly cloudy throughout the day with afternoon rain.,rain,"42895099999,remote,42901099999,42894099999,42973099999"
"21.4434844005937, 87.02348429564694",2025-06-11,32.9,27.2,29.5,44,30.5,36.9,26.4,83.8,14.603,100,8.33,rain,0,0,22.7,20.5,103.8,1001.5,91.2,17.3,282.6,24.2,9,30,2025-06-11T04:59:09,2025-06-11T18:24:14,0.5,"Rain, Overcast",Cloudy skies throughout the day with rain in the morning and afternoon.,rain,"42895099999,remote,42901099999,42894099999,42973099999"
"21.4434844005937, 87.02348429564694",2025-06-12,33.3,28.8,30.1,42.6,35.2,37.9,26.4,80.9,0.525,100,8.33,rain,0,0,18.4,16.2,128.1,1002,87,18.5,310.7,26.8,10,30,2025-06-12T04:59:13,2025-06-12T18:24:33,0.53,"Rain, Partially cloudy",Partly cloudy throughout the day with morning rain.,rain,"42895099999,remote,42901099999,42973099999"
"21.4434844005937, 87.02348429564694",2025-06-13,34.9,28.4,31,45.3,33.6,37.5,25.1,72.2,0.254,100,4.17,rain,0,0,22.7,18.4,165.6,1002.3,45.1,17.1,322.8,27.8,10,30,2025-06-13T04:59:19,2025-06-13T18:24:52,0.57,"Rain, Partially cloudy",Partly cloudy throughout the day with morning rain.,rain,"42895099999,remote,42901099999,42973099999"
"21.4434844005937, 87.02348429564694",2025-06-14,35.9,28,31.7,47.3,33.6,38.7,25,69.1,0.1,100,4.17,rain,0,0,30.6,23.8,177.3,1000.9,33.7,17.4,323.4,27.8,10,60,2025-06-14T04:59:26,2025-06-14T18:25:10,0.6,"Rain, Partially cloudy",Partly cloudy throughout the day with late afternoon rain.,rain,"42895099999,remote,42901099999,42973099999"
"21.4434844005937, 87.02348429564694",2025-06-15,32.9,27.9,29.8,44.9,32.8,36.2,25.2,76.4,2.811,100,12.5,rain,0,0,24.5,20.2,176.3,999.8,88.9,17.2,74.6,6.4,3,30,2025-06-15T04:59:33,2025-06-15T18:25:28,0.64,"Rain, Partially cloudy",Partly cloudy throughout the day with rain.,rain,"42895099999,remote,42901099999,42973099999"
"21.4434844005937, 87.02348429564694",2025-06-16,34.6,27.1,29.2,40,30.8,34,24.4,76.7,8.358,100,16.67,rain,0,0,40,24.8,199.6,999.1,88.1,16.4,195.5,16.8,9,10,2025-06-16T04:59:42,2025-06-16T18:25:45,0.68,"Rain, Partially cloudy",Partly cloudy throughout the day with rain.,rain,"42895099999,remote,42901099999,42973099999"
"21.4434844005937, 87.02348429564694",2025-06-17,31.9,26.5,28.5,36.6,26.5,32,23.6,75.1,8.6,100,58.33,rain,0,0,43.6,25.2,235.8,998.8,100,20,71.2,5.9,3,10,2025-06-17T04:59:51,2025-06-17T18:26:01,0.71,"Rain, Overcast",Cloudy skies throughout the day with a chance of rain throughout the day.,rain,remote
"21.4434844005937, 87.02348429564694",2025-06-18,31.9,25.9,28.5,37,25.9,31.7,23.5,75.1,3,100,33.33,rain,0,0,54.4,33.1,242.6,997.7,98.9,22.7,135.5,11.8,9,10,2025-06-18T05:00:01,2025-06-18T18:26:17,0.75,"Rain, Overcast",Cloudy skies throughout the day with a chance of rain throughout the day.,rain,remote
"21.4434844005937, 87.02348429564694",2025-06-19,27.7,26,27,30.7,26,28.8,22.7,77.6,4.8,100,37.5,rain,0,0,59,32.8,238.8,999.3,100,22.4,13.5,1.2,0,10,2025-06-19T05:00:12,2025-06-19T18:26:31,0.75,"Rain, Overcast",Cloudy skies throughout the day with a chance of rain throughout the day.,rain,remote
